"annotation_id","annotator","created_at","id","label","lead_time","text","updated_at"
41,"1","2025-01-24T16:11:23.337708Z",400,"[{""start"":0,""end"":6,""text"":""पश्चिम"",""labels"":[""PROPN""]},{""start"":7,""end"":12,""text"":""बंगाल"",""labels"":[""PROPN""]},{""start"":13,""end"":15,""text"":""को"",""labels"":[""ADP""]},{""start"":16,""end"":19,""text"":""फिर"",""labels"":[""ADV""]},{""start"":20,""end"":22,""text"":""से"",""labels"":[""ADP""]},{""start"":23,""end"":26,""text"":""देश"",""labels"":[""ADV""]},{""start"":27,""end"":29,""text"":""के"",""labels"":[""ADP""]},{""start"":30,""end"":33,""text"":""अहम"",""labels"":[""ADJ""]},{""start"":34,""end"":41,""text"":""Trading"",""labels"":[""NOUN""]},{""start"":42,""end"":44,""text"":""और"",""labels"":[""CONJ""]},{""start"":45,""end"":55,""text"":""Industrial"",""labels"":[""ADJ""]},{""start"":56,""end"":62,""text"":""Center"",""labels"":[""NOUN""]},{""start"":63,""end"":65,""text"":""के"",""labels"":[""ADP""]},{""start"":63,""end"":65,""text"":""के"",""labels"":[""NOUN""]},{""start"":66,""end"":69,""text"":""रूप"",""labels"":[""NOUN""]},{""start"":66,""end"":69,""text"":""रूप"",""labels"":[""ADP""]},{""start"":70,""end"":73,""text"":""में"",""labels"":[""ADP""]},{""start"":74,""end"":80,""text"":""विकसित"",""labels"":[""VERB""]},{""start"":81,""end"":85,""text"":""करने"",""labels"":[""VERB""]},{""start"":86,""end"":92,""text"":""के लिए"",""labels"":[""ADP""]},{""start"":93,""end"":95,""text"":""हम"",""labels"":[""PRON""]},{""start"":96,""end"":102,""text"":""निरंतर"",""labels"":[""ADV""]},{""start"":103,""end"":106,""text"":""काम"",""labels"":[""ADV""]},{""start"":107,""end"":109,""text"":""कर"",""labels"":[""VERB""]},{""start"":107,""end"":109,""text"":""कर"",""labels"":[""ADV""]},{""start"":110,""end"":113,""text"":""रहे"",""labels"":[""VERB""]},{""start"":114,""end"":117,""text"":""हैं"",""labels"":[""VERB""]},{""start"":117,""end"":118,""text"":""।"",""labels"":[""X""]}]",538.052,"पश्चिम बंगाल को फिर से देश के अहम Trading और Industrial Center के रूप में विकसित करने के लिए हम निरंतर काम कर रहे हैं।","2025-01-26T05:50:32.987045Z"
42,"1","2025-01-24T16:43:00.224900Z",401,"[{""start"":41,""end"":50,""text"":""मल्टीमॉडल"",""labels"":[""ADJ""]},{""start"":70,""end"":72,""text"":""की"",""labels"":[""ADP""]},{""start"":59,""end"":61,""text"":""के"",""labels"":[""ADP""]},{""start"":79,""end"":81,""text"":""पर"",""labels"":[""ADP""]},{""start"":36,""end"":40,""text"":""यहां"",""labels"":[""ADV""]},{""start"":51,""end"":58,""text"":""टर्मिनल"",""labels"":[""NOUN""]},{""start"":62,""end"":69,""text"":""निर्माण"",""labels"":[""NOUN""]},{""start"":73,""end"":78,""text"":""योजना"",""labels"":[""NOUN""]},{""start"":82,""end"":85,""text"":""काम"",""labels"":[""VERB""]},{""start"":0,""end"":6,""text"":""Inland"",""labels"":[""PROPN""]},{""start"":7,""end"":15,""text"":""Waterway"",""labels"":[""PROPN""]},{""start"":16,""end"":25,""text"":""Authority"",""labels"":[""PROPN""]},{""start"":29,""end"":34,""text"":""India"",""labels"":[""PROPN""]},{""start"":86,""end"":88,""text"":""कर"",""labels"":[""VERB""]},{""start"":89,""end"":92,""text"":""रही"",""labels"":[""VERB""]},{""start"":93,""end"":95,""text"":""है"",""labels"":[""VERB""]},{""start"":26,""end"":28,""text"":""of"",""labels"":[""X""]},{""start"":95,""end"":96,""text"":""।"",""labels"":[""X""]}]",1911.048,"Inland Waterway Authority of India, यहां मल्टीमॉडल टर्मिनल के निर्माण की योजना पर काम कर रही है।","2025-01-26T05:50:10.105026Z"
43,"1","2025-01-25T13:59:00.445593Z",402,"[{""start"":19,""end"":27,""text"":""regional"",""labels"":[""ADJ""]},{""start"":47,""end"":51,""text"":""शुरू"",""labels"":[""ADJ""]},{""start"":83,""end"":93,""text"":""Incredible"",""labels"":[""ADJ""]},{""start"":16,""end"":18,""text"":""के"",""labels"":[""ADP""]},{""start"":117,""end"":119,""text"":""की"",""labels"":[""ADP""]},{""start"":127,""end"":129,""text"":""की"",""labels"":[""VERB""]},{""start"":75,""end"":78,""text"":""में"",""labels"":[""ADP""]},{""start"":56,""end"":58,""text"":""ही"",""labels"":[""ADV""]},{""start"":79,""end"":81,""text"":""एक"",""labels"":[""VERB""]},{""start"":7,""end"":15,""text"":""मंत्रालय"",""labels"":[""NOUN""]},{""start"":28,""end"":34,""text"":""office"",""labels"":[""NOUN""]},{""start"":38,""end"":43,""text"":""महीने"",""labels"":[""NOUN""]},{""start"":59,""end"":64,""text"":""बंगाल"",""labels"":[""NOUN""]},{""start"":68,""end"":74,""text"":""गाँवों"",""labels"":[""NOUN""]},{""start"":120,""end"":126,""text"":""शुरुआत"",""labels"":[""NOUN""]},{""start"":94,""end"":99,""text"":""India"",""labels"":[""PROPN""]},{""start"":100,""end"":107,""text"":""Weekend"",""labels"":[""PROPN""]},{""start"":108,""end"":115,""text"":""Gateway"",""labels"":[""PROPN""]},{""start"":35,""end"":37,""text"":""ने"",""labels"":[""VERB""]},{""start"":120,""end"":129,""text"":""शुरुआत की"",""labels"":[""VERB""]},{""start"":0,""end"":6,""text"":""पर्यटन"",""labels"":[""PROPN""]},{""start"":65,""end"":67,""text"":""के"",""labels"":[""ADP""]},{""start"":44,""end"":46,""text"":""के"",""labels"":[""ADP""]},{""start"":52,""end"":55,""text"":""में"",""labels"":[""ADP""]},{""start"":129,""end"":130,""text"":""।"",""labels"":[""X""]}]",294.672,"पर्यटन मंत्रालय के regional office ने महीने के शुरू में ही बंगाल के गाँवों में एक ‘Incredible India Weekend Gateway’ की शुरुआत की।","2025-01-26T05:50:41.825467Z"
44,"1","2025-01-25T14:03:01.726193Z",403,"[{""start"":73,""end"":82,""text"":""हस्तशिल्प"",""labels"":[""ADJ""]},{""start"":104,""end"":111,""text"":""के लिये"",""labels"":[""ADP""]},{""start"":70,""end"":72,""text"":""के"",""labels"":[""ADP""]},{""start"":65,""end"":69,""text"":""वहाँ"",""labels"":[""ADV""]},{""start"":13,""end"":21,""text"":""मिदनापुर"",""labels"":[""NOUN""]},{""start"":23,""end"":30,""text"":""बांकुरा"",""labels"":[""NOUN""]},{""start"":32,""end"":38,""text"":""बीरभूम"",""labels"":[""NOUN""]},{""start"":40,""end"":48,""text"":""पुरुलिया"",""labels"":[""NOUN""]},{""start"":95,""end"":103,""text"":""visitors"",""labels"":[""NOUN""]},{""start"":123,""end"":131,""text"":""Workshop"",""labels"":[""NOUN""]},{""start"":83,""end"":91,""text"":""कलाकारों"",""labels"":[""NOUN""]},{""start"":56,""end"":63,""text"":""बर्धमान"",""labels"":[""NOUN""]},{""start"":50,""end"":55,""text"":""पूर्व"",""labels"":[""PROPN""]},{""start"":6,""end"":12,""text"":""पश्चिम"",""labels"":[""PROPN""]},{""start"":112,""end"":122,""text"":""Handicraft"",""labels"":[""PROPN""]},{""start"":92,""end"":94,""text"":""ने"",""labels"":[""VERB""]},{""start"":131,""end"":138,""text"":""आयोजित"",""labels"":[""VERB""]},{""start"":139,""end"":141,""text"":""की"",""labels"":[""VERB""]},{""start"":0,""end"":5,""text"":""इसमें"",""labels"":[""ADP""]},{""start"":141,""end"":142,""text"":""।"",""labels"":[""X""]},{""start"":21,""end"":22,""text"":"","",""labels"":[""X""]},{""start"":30,""end"":31,""text"":"","",""labels"":[""X""]},{""start"":38,""end"":39,""text"":"","",""labels"":[""X""]},{""start"":48,""end"":49,""text"":"","",""labels"":[""X""]},{""start"":63,""end"":64,""text"":"","",""labels"":[""X""]}]",265.40000000000003,"इसमें पश्चिम मिदनापुर, बांकुरा, बीरभूम, पुरुलिया, पूर्व बर्धमान, वहाँ के हस्तशिल्प कलाकारों ने visitors के लिये Handicraft Workshop आयोजित की।","2025-01-26T05:51:28.176807Z"
45,"1","2025-01-25T14:06:33.114709Z",404,"[{""start"":8,""end"":12,""text"":""Road"",""labels"":[""ADJ""]},{""start"":13,""end"":19,""text"":""Safety"",""labels"":[""ADJ""]},{""start"":20,""end"":31,""text"":""के बारे में"",""labels"":[""ADP""]},{""start"":87,""end"":89,""text"":""की"",""labels"":[""ADP""]},{""start"":99,""end"":101,""text"":""की"",""labels"":[""ADP""]},{""start"":59,""end"":61,""text"":""पर"",""labels"":[""ADP""]},{""start"":90,""end"":92,""text"":""एक"",""labels"":[""DET""]},{""start"":0,""end"":6,""text"":""साथियो"",""labels"":[""NOUN""]},{""start"":32,""end"":35,""text"":""बात"",""labels"":[""NOUN""]},{""start"":93,""end"":98,""text"":""पोस्ट"",""labels"":[""NOUN""]},{""start"":102,""end"":107,""text"":""चर्चा"",""labels"":[""NOUN""]},{""start"":50,""end"":54,""text"":""NaMo"",""labels"":[""PROPN""]},{""start"":55,""end"":58,""text"":""App"",""labels"":[""PROPN""]},{""start"":62,""end"":69,""text"":""कोलकाता"",""labels"":[""PROPN""]},{""start"":80,""end"":83,""text"":""दास"",""labels"":[""PROPN""]},{""start"":36,""end"":40,""text"":""करते"",""labels"":[""VERB""]},{""start"":113,""end"":120,""text"":""चाहूँगा"",""labels"":[""VERB""]},{""start"":41,""end"":44,""text"":""हुए"",""labels"":[""VERB""]},{""start"":84,""end"":86,""text"":""जी"",""labels"":[""X""]},{""start"":73,""end"":79,""text"":""अपर्णा"",""labels"":[""PROPN""]},{""start"":70,""end"":72,""text"":""की"",""labels"":[""ADP""]},{""start"":108,""end"":112,""text"":""करना"",""labels"":[""VERB""]},{""start"":46,""end"":49,""text"":""मैं"",""labels"":[""PRON""]},{""start"":120,""end"":121,""text"":""।"",""labels"":[""X""]},{""start"":44,""end"":45,""text"":"","",""labels"":[""X""]},{""start"":6,""end"":7,""text"":"","",""labels"":[""X""]},{""start"":44,""end"":46,""text"":"", "",""labels"":[""X""]}]",253.53900000000002,"साथियो, Road Safety के बारे में बात करते हुए, मैं NaMo App पर कोलकाता की अपर्णा दास जी की एक पोस्ट की चर्चा करना चाहूँगा।","2025-01-26T05:51:47.798678Z"
46,"1","2025-01-25T14:10:13.954709Z",405,"[{""start"":13,""end"":21,""text"":""European"",""labels"":[""ADJ""]},{""start"":46,""end"":51,""text"":""स्थित"",""labels"":[""ADJ""]},{""start"":83,""end"":89,""text"":""जापानी"",""labels"":[""ADJ""]},{""start"":101,""end"":106,""text"":""लड़ाकू"",""labels"":[""ADJ""]},{""start"":67,""end"":69,""text"":""का"",""labels"":[""ADP""]},{""start"":9,""end"":12,""text"":""में"",""labels"":[""ADP""]},{""start"":98,""end"":100,""text"":""के"",""labels"":[""ADP""]},{""start"":117,""end"":120,""text"":""सभी"",""labels"":[""ADV""]},{""start"":22,""end"":32,""text"":""Parliament"",""labels"":[""NOUN""]},{""start"":37,""end"":45,""text"":""New York"",""labels"":[""PROPN""]},{""start"":52,""end"":66,""text"":""संयुक्तराष्ट्र"",""labels"":[""NOUN""]},{""start"":70,""end"":78,""text"":""मुख्यालय"",""labels"":[""NOUN""]},{""start"":90,""end"":97,""text"":""नौ-सेना"",""labels"":[""NOUN""]},{""start"":107,""end"":111,""text"":""जहाज़"",""labels"":[""NOUN""]},{""start"":121,""end"":124,""text"":""जगह"",""labels"":[""NOUN""]},{""start"":124,""end"":128,""text"":""लोग"",""labels"":[""NOUN""]},{""start"":129,""end"":132,""text"":""योग"",""labels"":[""NOUN""]},{""start"":0,""end"":8,""text"":""Brussels"",""labels"":[""PROPN""]},{""start"":33,""end"":35,""text"":""हो"",""labels"":[""VERB""]},{""start"":79,""end"":81,""text"":""हो"",""labels"":[""VERB""]},{""start"":112,""end"":115,""text"":""हों"",""labels"":[""VERB""]},{""start"":133,""end"":137,""text"":""करते"",""labels"":[""VERB""]},{""start"":138,""end"":141,""text"":""नज़र"",""labels"":[""VERB""]},{""start"":142,""end"":144,""text"":""आए"",""labels"":[""VERB""]},{""start"":144,""end"":145,""text"":""।"",""labels"":[""X""]},{""start"":35,""end"":36,""text"":"","",""labels"":[""X""]},{""start"":81,""end"":82,""text"":"","",""labels"":[""X""]},{""start"":115,""end"":116,""text"":"","",""labels"":[""X""]}]",239.846,"Brussels में European Parliament हो, New York स्थित संयुक्तराष्ट्र का मुख्यालय हो, जापानी नौ-सेना के लड़ाकू जहाज़ हों, सभी जगह लोग योग करते नज़र आए।","2025-01-26T05:52:08.195795Z"
47,"1","2025-01-25T14:15:11.798173Z",406,"[{""start"":28,""end"":33,""text"":""दूसरी"",""labels"":[""ADJ""]},{""start"":34,""end"":38,""text"":""अनेक"",""labels"":[""ADJ""]},{""start"":48,""end"":50,""text"":""से"",""labels"":[""ADP""]},{""start"":67,""end"":69,""text"":""को"",""labels"":[""ADP""]},{""start"":51,""end"":53,""text"":""भी"",""labels"":[""ADV""]},{""start"":11,""end"":15,""text"":""बैंक"",""labels"":[""NOUN""]},{""start"":16,""end"":22,""text"":""गारंटी"",""labels"":[""NOUN""]},{""start"":39,""end"":47,""text"":""ज़रूरतों"",""labels"":[""NOUN""]},{""start"":58,""end"":66,""text"":""Industry"",""labels"":[""NOUN""]},{""start"":54,""end"":57,""text"":""BPO"",""labels"":[""PROPN""]},{""start"":23,""end"":27,""text"":""सहित"",""labels"":[""VERB""]},{""start"":70,""end"":75,""text"":""मुक्त"",""labels"":[""VERB""]},{""start"":76,""end"":80,""text"":""किया"",""labels"":[""VERB""]},{""start"":81,""end"":84,""text"":""गया"",""labels"":[""VERB""]},{""start"":85,""end"":87,""text"":""है"",""labels"":[""VERB""]},{""start"":0,""end"":4,""text"":""इसके"",""labels"":[""PRON""]},{""start"":5,""end"":10,""text"":""अलावा"",""labels"":[""PRON""]},{""start"":5,""end"":10,""text"":""अलावा"",""labels"":[""PRON""]},{""start"":5,""end"":10,""text"":""अलावा"",""labels"":[""PRON""]},{""start"":87,""end"":88,""text"":""।"",""labels"":[""X""]}]",302.634,"इसके अलावा बैंक गारंटी सहित दूसरी अनेक ज़रूरतों से भी BPO Industry को मुक्त किया गया है।","2025-01-26T05:52:14.820279Z"
48,"1","2025-01-25T14:18:10.411215Z",407,"[{""start"":0,""end"":8,""text"":""Start-up"",""labels"":[""PROPN""]},{""start"":9,""end"":14,""text"":""India"",""labels"":[""PROPN""]},{""start"":15,""end"":17,""text"":""इस"",""labels"":[""PRON""]},{""start"":18,""end"":24,""text"":""अभियान"",""labels"":[""NOUN""]},{""start"":25,""end"":27,""text"":""के"",""labels"":[""ADP""]},{""start"":28,""end"":31,""text"":""बाद"",""labels"":[""NOUN""]},{""start"":32,""end"":34,""text"":""से"",""labels"":[""ADP""]},{""start"":35,""end"":39,""text"":""भारत"",""labels"":[""PROPN""]},{""start"":40,""end"":43,""text"":""में"",""labels"":[""ADP""]},{""start"":44,""end"":46,""text"":""50"",""labels"":[""NUM""]},{""start"":47,""end"":52,""text"":""हज़ार"",""labels"":[""NUM""]},{""start"":53,""end"":55,""text"":""से"",""labels"":[""ADP""]},{""start"":56,""end"":58,""text"":""भी"",""labels"":[""ADV""]},{""start"":59,""end"":65,""text"":""ज्यादा"",""labels"":[""ADJ""]},{""start"":66,""end"":73,""text"":""स्टार्ट"",""labels"":[""NOUN""]},{""start"":74,""end"":76,""text"":""अप"",""labels"":[""NOUN""]},{""start"":77,""end"":81,""text"":""शुरू"",""labels"":[""VERB""]},{""start"":82,""end"":85,""text"":""हुए"",""labels"":[""VERB""]},{""start"":86,""end"":89,""text"":""हैं"",""labels"":[""VERB""]},{""start"":89,""end"":90,""text"":""।"",""labels"":[""X""]}]",182.739,"Start-up India इस अभियान के बाद से भारत में 50 हज़ार से भी ज्यादा स्टार्ट अप शुरू हुए हैं।","2025-01-26T05:52:20.609016Z"
49,"1","2025-01-25T15:58:41.413980Z",408,"[{""start"":0,""end"":3,""text"":""योग"",""labels"":[""NOUN""]},{""start"":4,""end"":6,""text"":""की"",""labels"":[""ADP""]},{""start"":7,""end"":9,""text"":""ये"",""labels"":[""PRON""]},{""start"":10,""end"":13,""text"":""सभी"",""labels"":[""ADV""]},{""start"":14,""end"":20,""text"":""विधाएं"",""labels"":[""NOUN""]},{""start"":22,""end"":24,""text"":""ये"",""labels"":[""PRON""]},{""start"":25,""end"":30,""text"":""तकनीक"",""labels"":[""NOUN""]},{""start"":32,""end"":37,""text"":""हमारे"",""labels"":[""PRON""]},{""start"":38,""end"":49,""text"":""respiratory"",""labels"":[""ADJ""]},{""start"":50,""end"":56,""text"":""system"",""labels"":[""NOUN""]},{""start"":57,""end"":59,""text"":""और"",""labels"":[""CONJ""]},{""start"":60,""end"":66,""text"":""immune"",""labels"":[""ADJ""]},{""start"":67,""end"":73,""text"":""system"",""labels"":[""NOUN""]},{""start"":74,""end"":79,""text"":""दोनों"",""labels"":[""PRON""]},{""start"":80,""end"":82,""text"":""को"",""labels"":[""ADP""]},{""start"":83,""end"":88,""text"":""मजबूत"",""labels"":[""ADJ""]},{""start"":89,""end"":93,""text"":""करने"",""labels"":[""NOUN""]},{""start"":94,""end"":97,""text"":""में"",""labels"":[""ADP""]},{""start"":98,""end"":102,""text"":""बहुत"",""labels"":[""ADV""]},{""start"":103,""end"":106,""text"":""मदद"",""labels"":[""NOUN""]},{""start"":107,""end"":111,""text"":""करती"",""labels"":[""VERB""]},{""start"":112,""end"":115,""text"":""हैं"",""labels"":[""VERB""]},{""start"":20,""end"":21,""text"":"","",""labels"":[""X""]},{""start"":30,""end"":31,""text"":"","",""labels"":[""X""]},{""start"":115,""end"":116,""text"":""।"",""labels"":[""X""]}]",6041.316,"योग की ये सभी विधाएं, ये तकनीक, हमारे respiratory system और immune system दोनों को मजबूत करने में बहुत मदद करती हैं।","2025-01-26T05:52:32.962050Z"
50,"1","2025-01-25T16:01:08.101683Z",409,"[{""start"":0,""end"":3,""text"":""अभी"",""labels"":[""ADV""]},{""start"":4,""end"":9,""text"":""पिछले"",""labels"":[""ADJ""]},{""start"":10,""end"":15,""text"":""दिनों"",""labels"":[""NOUN""]},{""start"":16,""end"":18,""text"":""ही"",""labels"":[""ADV""]},{""start"":20,""end"":25,""text"":""हमारे"",""labels"":[""PRON""]},{""start"":26,""end"":30,""text"":""यहाँ"",""labels"":[""ADV""]},{""start"":31,""end"":33,""text"":""भी"",""labels"":[""ADV""]},{""start"":35,""end"":39,""text"":""बिहू"",""labels"":[""PROPN""]},{""start"":41,""end"":47,""text"":""बैसाखी"",""labels"":[""PROPN""]},{""start"":49,""end"":55,""text"":""पुथंडू"",""labels"":[""PROPN""]},{""start"":57,""end"":61,""text"":""विशू"",""labels"":[""PROPN""]},{""start"":63,""end"":68,""text"":""ओड़िया"",""labels"":[""ADJ""]},{""start"":69,""end"":72,""text"":""New"",""labels"":[""ADJ""]},{""start"":73,""end"":77,""text"":""Year"",""labels"":[""NOUN""]},{""start"":78,""end"":81,""text"":""ऐसे"",""labels"":[""ADJ""]},{""start"":82,""end"":86,""text"":""अनेक"",""labels"":[""ADJ""]},{""start"":87,""end"":94,""text"":""त्योहार"",""labels"":[""NOUN""]},{""start"":95,""end"":98,""text"":""आये"",""labels"":[""VERB""]},{""start"":18,""end"":19,""text"":"","",""labels"":[""X""]},{""start"":33,""end"":34,""text"":"","",""labels"":[""X""]},{""start"":39,""end"":40,""text"":"","",""labels"":[""X""]},{""start"":47,""end"":48,""text"":"","",""labels"":[""X""]},{""start"":55,""end"":56,""text"":"","",""labels"":[""X""]},{""start"":98,""end"":99,""text"":""।"",""labels"":[""X""]},{""start"":61,""end"":62,""text"":"","",""labels"":[""X""]}]",251.625,"अभी पिछले दिनों ही, हमारे यहाँ भी, बिहू, बैसाखी, पुथंडू, विशू, ओड़िया New Year ऐसे अनेक त्योहार आये।","2025-01-26T05:53:17.696892Z"
51,"1","2025-01-25T16:04:34.339231Z",410,"[{""start"":0,""end"":7,""text"":""Rakhine"",""labels"":[""PROPN""]},{""start"":8,""end"":13,""text"":""State"",""labels"":[""PROPN""]},{""start"":14,""end"":17,""text"":""में"",""labels"":[""ADP""]},{""start"":18,""end"":25,""text"":""चरमपंथी"",""labels"":[""ADJ""]},{""start"":26,""end"":31,""text"":""हिंसा"",""labels"":[""NOUN""]},{""start"":32,""end"":34,""text"":""के"",""labels"":[""ADP""]},{""start"":35,""end"":39,""text"":""चलते"",""labels"":[""NOUN""]},{""start"":40,""end"":45,""text"":""खासकर"",""labels"":[""ADV""]},{""start"":46,""end"":54,""text"":""security"",""labels"":[""ADJ""]},{""start"":55,""end"":61,""text"":""forces"",""labels"":[""NOUN""]},{""start"":62,""end"":64,""text"":""और"",""labels"":[""CONJ""]},{""start"":65,""end"":70,""text"":""मासूम"",""labels"":[""ADJ""]},{""start"":71,""end"":75,""text"":""जीवन"",""labels"":[""NOUN""]},{""start"":76,""end"":78,""text"":""की"",""labels"":[""ADP""]},{""start"":79,""end"":83,""text"":""हानि"",""labels"":[""NOUN""]},{""start"":84,""end"":86,""text"":""को"",""labels"":[""ADP""]},{""start"":87,""end"":91,""text"":""लेकर"",""labels"":[""VERB""]},{""start"":92,""end"":103,""text"":""आपकीचिंताओं"",""labels"":[""X""]},{""start"":104,""end"":106,""text"":""के"",""labels"":[""ADP""]},{""start"":107,""end"":109,""text"":""हम"",""labels"":[""PRON""]},{""start"":109,""end"":117,""text"":""भागीदार"",""labels"":[""NOUN""]},{""start"":118,""end"":121,""text"":""हैं"",""labels"":[""VERB""]},{""start"":121,""end"":122,""text"":""।"",""labels"":[""X""]}]",237.23100000000002,"Rakhine State में चरमपंथी हिंसा के चलते खासकर security forces और मासूम जीवन की हानि को लेकर आपकीचिंताओं के हम भागीदार हैं।","2025-01-26T05:53:24.842133Z"
52,"1","2025-01-25T16:08:20.379586Z",411,"[{""start"":0,""end"":2,""text"":""और"",""labels"":[""CONJ""]},{""start"":3,""end"":8,""text"":""इसलिए"",""labels"":[""ADV""]},{""start"":10,""end"":18,""text"":""म्यांमार"",""labels"":[""PROPN""]},{""start"":19,""end"":21,""text"":""के"",""labels"":[""ADP""]},{""start"":22,""end"":31,""text"":""Executive"",""labels"":[""NOUN""]},{""start"":33,""end"":44,""text"":""Legislature"",""labels"":[""NOUN""]},{""start"":45,""end"":48,""text"":""तथा"",""labels"":[""CONJ""]},{""start"":49,""end"":57,""text"":""Election"",""labels"":[""ADJ""]},{""start"":58,""end"":68,""text"":""Commission"",""labels"":[""NOUN""]},{""start"":69,""end"":71,""text"":""और"",""labels"":[""CONJ""]},{""start"":72,""end"":77,""text"":""Press"",""labels"":[""NOUN""]},{""start"":78,""end"":85,""text"":""Council"",""labels"":[""NOUN""]},{""start"":86,""end"":90,""text"":""जैसी"",""labels"":[""ADJ""]},{""start"":91,""end"":99,""text"":""संस्थाओं"",""labels"":[""NOUN""]},{""start"":100,""end"":102,""text"":""की"",""labels"":[""ADP""]},{""start"":103,""end"":111,""text"":""Capacity"",""labels"":[""ADJ""]},{""start"":111,""end"":120,""text"":""Building"",""labels"":[""NOUN""]},{""start"":121,""end"":124,""text"":""में"",""labels"":[""ADP""]},{""start"":125,""end"":130,""text"":""हमारे"",""labels"":[""PRON""]},{""start"":131,""end"":142,""text"":""व्यापकसहयोग"",""labels"":[""X""]},{""start"":143,""end"":145,""text"":""पर"",""labels"":[""ADP""]},{""start"":146,""end"":150,""text"":""हमें"",""labels"":[""PRON""]},{""start"":151,""end"":155,""text"":""गर्व"",""labels"":[""NOUN""]},{""start"":156,""end"":158,""text"":""है"",""labels"":[""VERB""]},{""start"":8,""end"":9,""text"":"","",""labels"":[""X""]},{""start"":31,""end"":32,""text"":"","",""labels"":[""X""]},{""start"":158,""end"":159,""text"":""।"",""labels"":[""X""]}]",240.255,"और इसलिए, म्यांमार के Executive, Legislature तथा Election Commission और Press Council जैसी संस्थाओं की Capacity Building में हमारे व्यापकसहयोग पर हमें गर्व है।","2025-01-26T05:53:40.575143Z"
53,"1","2025-01-25T16:12:21.905933Z",412,"[{""start"":0,""end"":7,""text"":""Kaladan"",""labels"":[""PROPN""]},{""start"":8,""end"":15,""text"":""project"",""labels"":[""NOUN""]},{""start"":16,""end"":19,""text"":""में"",""labels"":[""ADP""]},{""start"":20,""end"":24,""text"":""हमने"",""labels"":[""PRON""]},{""start"":25,""end"":31,""text"":""Sittwe"",""labels"":[""PROPN""]},{""start"":32,""end"":36,""text"":""port"",""labels"":[""NOUN""]},{""start"":37,""end"":40,""text"":""तथा"",""labels"":[""CONJ""]},{""start"":41,""end"":48,""text"":""Paletwa"",""labels"":[""PROPN""]},{""start"":49,""end"":55,""text"":""Inland"",""labels"":[""ADJ""]},{""start"":56,""end"":65,""text"":""Waterways"",""labels"":[""NOUN""]},{""start"":66,""end"":74,""text"":""Terminal"",""labels"":[""NOUN""]},{""start"":75,""end"":80,""text"":""परकाम"",""labels"":[""ADP""]},{""start"":81,""end"":85,""text"":""पूरा"",""labels"":[""ADJ""]},{""start"":86,""end"":90,""text"":""किया"",""labels"":[""VERB""]},{""start"":91,""end"":93,""text"":""है"",""labels"":[""VERB""]},{""start"":93,""end"":94,""text"":""।"",""labels"":[""X""]}]",81.267,"Kaladan project में हमने Sittwe port तथा Paletwa Inland Waterways Terminal परकाम पूरा किया है।","2025-01-26T05:53:54.782859Z"
54,"1","2025-01-25T16:16:40.633332Z",413,"[{""start"":0,""end"":2,""text"":""इस"",""labels"":[""PRON""]},{""start"":3,""end"":8,""text"":""संबंध"",""labels"":[""NOUN""]},{""start"":9,""end"":12,""text"":""में"",""labels"":[""ADP""]},{""start"":13,""end"":20,""text"":""Myanmar"",""labels"":[""PROPN""]},{""start"":21,""end"":30,""text"":""Institute"",""labels"":[""NOUN""]},{""start"":31,""end"":33,""text"":""of"",""labels"":[""ADP""]},{""start"":34,""end"":45,""text"":""Information"",""labels"":[""ADJ""]},{""start"":46,""end"":56,""text"":""Technology"",""labels"":[""NOUN""]},{""start"":57,""end"":59,""text"":""और"",""labels"":[""CONJ""]},{""start"":60,""end"":68,""text"":""Advanced"",""labels"":[""ADJ""]},{""start"":69,""end"":75,""text"":""Centre"",""labels"":[""NOUN""]},{""start"":76,""end"":79,""text"":""for"",""labels"":[""ADP""]},{""start"":80,""end"":92,""text"":""Agricultural"",""labels"":[""ADJ""]},{""start"":93,""end"":101,""text"":""Research"",""labels"":[""NOUN""]},{""start"":102,""end"":105,""text"":""and"",""labels"":[""CONJ""]},{""start"":105,""end"":115,""text"":""Education"",""labels"":[""NOUN""]},{""start"":116,""end"":121,""text"":""विशेष"",""labels"":[""ADJ""]},{""start"":122,""end"":125,""text"":""रूप"",""labels"":[""NOUN""]},{""start"":126,""end"":128,""text"":""से"",""labels"":[""ADP""]},{""start"":129,""end"":138,""text"":""उल्लेखनीय"",""labels"":[""ADJ""]},{""start"":139,""end"":142,""text"":""हैं"",""labels"":[""NOUN""]},{""start"":142,""end"":143,""text"":""।"",""labels"":[""X""]}]",249.081,"इस संबंध में Myanmar Institute of Information Technology और Advanced Centre for Agricultural Research and Education विशेष रूप से उल्लेखनीय हैं।","2025-01-26T05:54:00.361866Z"
63,"1","2025-01-25T19:30:23.598877Z",414,"[{""start"":0,""end"":5,""text"":""हमारे"",""labels"":[""PRON""]},{""start"":6,""end"":10,""text"":""यहां"",""labels"":[""ADV""]},{""start"":11,""end"":13,""text"":""के"",""labels"":[""ADP""]},{""start"":14,""end"":21,""text"":""समुद्री"",""labels"":[""ADJ""]},{""start"":22,""end"":24,""text"":""तट"",""labels"":[""NOUN""]},{""start"":25,""end"":27,""text"":""पर"",""labels"":[""ADP""]},{""start"":28,""end"":33,""text"":""Women"",""labels"":[""PROPN""]},{""start"":34,""end"":38,""text"":""Self"",""labels"":[""PROPN""]},{""start"":39,""end"":43,""text"":""Help"",""labels"":[""PROPN""]},{""start"":44,""end"":49,""text"":""Group"",""labels"":[""PROPN""]},{""start"":50,""end"":52,""text"":""के"",""labels"":[""ADP""]},{""start"":53,""end"":59,""text"":""द्वारा"",""labels"":[""ADP""]},{""start"":60,""end"":62,""text"":""इस"",""labels"":[""PRON""]},{""start"":63,""end"":69,""text"":""प्रकार"",""labels"":[""NOUN""]},{""start"":70,""end"":72,""text"":""की"",""labels"":[""ADP""]},{""start"":73,""end"":76,""text"":""sea"",""labels"":[""NOUN""]},{""start"":77,""end"":81,""text"":""weed"",""labels"":[""NOUN""]},{""start"":82,""end"":84,""text"":""की"",""labels"":[""ADP""]},{""start"":85,""end"":89,""text"":""खेती"",""labels"":[""NOUN""]},{""start"":90,""end"":97,""text"":""प्रारंभ"",""labels"":[""VERB""]},{""start"":98,""end"":100,""text"":""की"",""labels"":[""VERB""]},{""start"":101,""end"":104,""text"":""जाए"",""labels"":[""VERB""]},{""start"":104,""end"":105,""text"":""।"",""labels"":[""X""]}]",348.142,"हमारे यहां के समुद्री तट पर Women Self Help Group के द्वारा इस प्रकार की sea weed की खेती प्रारंभ की जाए।","2025-01-26T05:54:07.680495Z"
64,"1","2025-01-25T19:33:35.016443Z",415,"[{""start"":0,""end"":13,""text"":""International"",""labels"":[""ADJ""]},{""start"":14,""end"":19,""text"":""North"",""labels"":[""PROPN""]},{""start"":20,""end"":25,""text"":""South"",""labels"":[""PROPN""]},{""start"":26,""end"":35,""text"":""Transport"",""labels"":[""NOUN""]},{""start"":36,""end"":44,""text"":""Corridor"",""labels"":[""NOUN""]},{""start"":46,""end"":52,""text"":""चाबहार"",""labels"":[""PROPN""]},{""start"":53,""end"":58,""text"":""पोर्ट"",""labels"":[""NOUN""]},{""start"":60,""end"":68,""text"":""अश्गाबात"",""labels"":[""PROPN""]},{""start"":69,""end"":75,""text"":""समझौते"",""labels"":[""NOUN""]},{""start"":77,""end"":81,""text"":""जैसे"",""labels"":[""ADP""]},{""start"":82,""end"":85,""text"":""कदम"",""labels"":[""NOUN""]},{""start"":86,""end"":98,""text"":""Connectivity"",""labels"":[""NOUN""]},{""start"":99,""end"":101,""text"":""के"",""labels"":[""ADP""]},{""start"":102,""end"":107,""text"":""प्रति"",""labels"":[""ADP""]},{""start"":108,""end"":112,""text"":""भारत"",""labels"":[""PROPN""]},{""start"":113,""end"":115,""text"":""के"",""labels"":[""ADP""]},{""start"":116,""end"":121,""text"":""मजबूत"",""labels"":[""ADJ""]},{""start"":122,""end"":128,""text"":""संकल्प"",""labels"":[""ADJ""]},{""start"":122,""end"":128,""text"":""संकल्प"",""labels"":[""NOUN""]},{""start"":122,""end"":128,""text"":""संकल्प"",""labels"":[""NOUN""]},{""start"":129,""end"":131,""text"":""को"",""labels"":[""ADP""]},{""start"":132,""end"":139,""text"":""दर्शाते"",""labels"":[""VERB""]},{""start"":140,""end"":143,""text"":""हैं"",""labels"":[""VERB""]},{""start"":44,""end"":45,""text"":"","",""labels"":[""X""]},{""start"":58,""end"":59,""text"":"","",""labels"":[""X""]},{""start"":75,""end"":76,""text"":"","",""labels"":[""X""]},{""start"":143,""end"":144,""text"":""।"",""labels"":[""X""]}]",138.173,"International North South Transport Corridor, चाबहार पोर्ट, अश्गाबात समझौते, जैसे कदम Connectivity के प्रति भारत के मजबूत संकल्प को दर्शाते हैं।","2025-01-26T05:54:19.777876Z"
65,"1","2025-01-25T19:37:51.391692Z",416,"[{""start"":0,""end"":3,""text"":""OBC"",""labels"":[""PROPN""]},{""start"":4,""end"":9,""text"":""कमीशन"",""labels"":[""PROPN""]},{""start"":10,""end"":12,""text"":""को"",""labels"":[""ADP""]},{""start"":13,""end"":22,""text"":""संवैधानिक"",""labels"":[""ADJ""]},{""start"":23,""end"":28,""text"":""दर्जा"",""labels"":[""NOUN""]},{""start"":29,""end"":34,""text"":""मिलने"",""labels"":[""VERB""]},{""start"":35,""end"":37,""text"":""के"",""labels"":[""ADP""]},{""start"":38,""end"":41,""text"":""बाद"",""labels"":[""NOUN""]},{""start"":42,""end"":44,""text"":""इस"",""labels"":[""PRON""]},{""start"":45,""end"":49,""text"":""आयोग"",""labels"":[""NOUN""]},{""start"":50,""end"":52,""text"":""को"",""labels"":[""ADP""]},{""start"":53,""end"":55,""text"":""भी"",""labels"":[""PART""]},{""start"":56,""end"":61,""text"":""ST\/SC"",""labels"":[""PROPN""]},{""start"":62,""end"":66,""text"":""आयोग"",""labels"":[""NOUN""]},{""start"":67,""end"":69,""text"":""की"",""labels"":[""ADP""]},{""start"":70,""end"":73,""text"":""तरह"",""labels"":[""NOUN""]},{""start"":74,""end"":82,""text"":""शक्तियां"",""labels"":[""NOUN""]},{""start"":83,""end"":88,""text"":""हासिल"",""labels"":[""VERB""]},{""start"":89,""end"":91,""text"":""हो"",""labels"":[""VERB""]},{""start"":92,""end"":98,""text"":""जाएंगी"",""labels"":[""VERB""]},{""start"":98,""end"":99,""text"":""।"",""labels"":[""X""]}]",229.06699999999998,"OBC कमीशन को संवैधानिक दर्जा मिलने के बाद इस आयोग को भी ST/SC आयोग की तरह शक्तियां हासिल हो जाएंगी।","2025-01-26T05:54:35.712000Z"
66,"1","2025-01-25T19:41:02.782918Z",417,"[{""start"":0,""end"":2,""text"":""इस"",""labels"":[""PRON""]},{""start"":3,""end"":4,""text"":""2"",""labels"":[""NUM""]},{""start"":5,""end"":13,""text"":""अक्‍टूबर"",""labels"":[""PROPN""]},{""start"":14,""end"":16,""text"":""को"",""labels"":[""ADP""]},{""start"":17,""end"":19,""text"":""जब"",""labels"":[""PRON_WH""]},{""start"":20,""end"":23,""text"":""देश"",""labels"":[""NOUN""]},{""start"":24,""end"":32,""text"":""महात्‍मा"",""labels"":[""PROPN""]},{""start"":33,""end"":38,""text"":""गांधी"",""labels"":[""PROPN""]},{""start"":39,""end"":41,""text"":""की"",""labels"":[""ADP""]},{""start"":42,""end"":48,""text"":""150वीं"",""labels"":[""NUM""]},{""start"":49,""end"":54,""text"":""जन्‍म"",""labels"":[""NOUN""]},{""start"":55,""end"":60,""text"":""जयंती"",""labels"":[""NOUN""]},{""start"":61,""end"":67,""text"":""मनाएगा"",""labels"":[""VERB""]},{""start"":69,""end"":71,""text"":""तो"",""labels"":[""ADP""]},{""start"":72,""end"":76,""text"":""भारत"",""labels"":[""PROPN""]},{""start"":77,""end"":81,""text"":""Open"",""labels"":[""ADJ""]},{""start"":82,""end"":92,""text"":""Defecation"",""labels"":[""NOUN""]},{""start"":93,""end"":95,""text"":""को"",""labels"":[""ADP""]},{""start"":96,""end"":104,""text"":""Farewell"",""labels"":[""NOUN""]},{""start"":105,""end"":107,""text"":""दे"",""labels"":[""VERB""]},{""start"":108,""end"":112,""text"":""देगा"",""labels"":[""VERB""]},{""start"":112,""end"":113,""text"":""।"",""labels"":[""X""]},{""start"":67,""end"":68,""text"":"","",""labels"":[""X""]}]",163.945,"इस 2 अक्‍टूबर को जब देश महात्‍मा गांधी की 150वीं जन्‍म जयंती मनाएगा, तो भारत Open Defecation को Farewell दे देगा।","2025-01-26T05:55:04.051261Z"
67,"1","2025-01-25T19:44:12.354247Z",418,"[{""start"":0,""end"":6,""text"":""बावजूद"",""labels"":[""ADP""]},{""start"":7,""end"":11,""text"":""इसके"",""labels"":[""PRON""]},{""start"":12,""end"":17,""text"":""हमारी"",""labels"":[""PRON""]},{""start"":18,""end"":30,""text"":""पार्लियामेंट"",""labels"":[""NOUN""]},{""start"":31,""end"":33,""text"":""के"",""labels"":[""ADP""]},{""start"":34,""end"":39,""text"":""Upper"",""labels"":[""ADJ""]},{""start"":40,""end"":45,""text"":""House"",""labels"":[""NOUN""]},{""start"":46,""end"":48,""text"":""और"",""labels"":[""CONJ""]},{""start"":49,""end"":54,""text"":""lower"",""labels"":[""ADJ""]},{""start"":55,""end"":60,""text"":""house"",""labels"":[""NOUN""]},{""start"":61,""end"":66,""text"":""दोनों"",""labels"":[""PRON""]},{""start"":67,""end"":69,""text"":""ने"",""labels"":[""VERB""]},{""start"":70,""end"":74,""text"":""इससे"",""labels"":[""PRON""]},{""start"":75,""end"":80,""text"":""जुड़े"",""labels"":[""VERB""]},{""start"":81,""end"":87,""text"":""फैसलों"",""labels"":[""NOUN""]},{""start"":88,""end"":90,""text"":""को"",""labels"":[""ADP""]},{""start"":91,""end"":93,""text"":""दो"",""labels"":[""NUM""]},{""start"":94,""end"":99,""text"":""तिहाई"",""labels"":[""NUM""]},{""start"":100,""end"":105,""text"":""बहुमत"",""labels"":[""NOUN""]},{""start"":106,""end"":108,""text"":""से"",""labels"":[""ADP""]},{""start"":109,""end"":112,""text"":""पास"",""labels"":[""VERB""]},{""start"":113,""end"":117,""text"":""किया"",""labels"":[""VERB""]},{""start"":118,""end"":120,""text"":""है"",""labels"":[""VERB""]},{""start"":120,""end"":121,""text"":""।"",""labels"":[""X""]}]",190.137,"बावजूद इसके हमारी पार्लियामेंट के Upper House और lower house दोनों ने इससे जुड़े फैसलों को दो तिहाई बहुमत से पास किया है।","2025-01-26T05:55:11.489447Z"
68,"1","2025-01-25T19:46:24.589361Z",419,"[{""start"":0,""end"":2,""text"":""जब"",""labels"":[""PRON_WH""]},{""start"":3,""end"":6,""text"":""मैं"",""labels"":[""PRON""]},{""start"":7,""end"":11,""text"":""पहली"",""labels"":[""ADJ""]},{""start"":12,""end"":15,""text"":""बार"",""labels"":[""NOUN""]},{""start"":16,""end"":23,""text"":""संयुक्त"",""labels"":[""ADJ""]},{""start"":24,""end"":31,""text"":""राष्ट्र"",""labels"":[""ADJ""]},{""start"":32,""end"":35,""text"":""संघ"",""labels"":[""ADJ""]},{""start"":36,""end"":39,""text"":""गया"",""labels"":[""VERB""]},{""start"":40,""end"":42,""text"":""था"",""labels"":[""VERB""]},{""start"":44,""end"":46,""text"":""तब"",""labels"":[""ADV""]},{""start"":47,""end"":52,""text"":""मैंने"",""labels"":[""PRON""]},{""start"":53,""end"":58,""text"":""विश्व"",""labels"":[""NOUN""]},{""start"":59,""end"":61,""text"":""के"",""labels"":[""ADP""]},{""start"":62,""end"":67,""text"":""सामने"",""labels"":[""ADP""]},{""start"":68,""end"":81,""text"":""International"",""labels"":[""ADJ""]},{""start"":82,""end"":86,""text"":""Yoga"",""labels"":[""NOUN""]},{""start"":87,""end"":90,""text"":""Day"",""labels"":[""NOUN""]},{""start"":91,""end"":93,""text"":""का"",""labels"":[""ADP""]},{""start"":94,""end"":102,""text"":""प्रस्ताव"",""labels"":[""NOUN""]},{""start"":103,""end"":106,""text"":""रखा"",""labels"":[""VERB""]},{""start"":107,""end"":109,""text"":""था"",""labels"":[""VERB""]},{""start"":109,""end"":110,""text"":""।"",""labels"":[""X""]},{""start"":42,""end"":43,""text"":"","",""labels"":[""X""]}]",139.025,"जब मैं पहली बार संयुक्त राष्ट्र संघ गया था, तब मैंने विश्व के सामने International Yoga Day का प्रस्ताव रखा था।","2025-01-26T05:55:35.086387Z"
